{
  "frames": {
    "blue": {
      "frame": { "x": 2, "y": 2, "w": 128, "h": 128 },
      "rotated": false,
      "trimmed": false,
      "spriteSourceSize": { "x": 0, "y": 0, "w": 128, "h": 128 },
      "sourceSize": { "w": 128, "h": 128 },
      "pivot": { "x": 0.5, "y": 0.5 }
    },
    "green": {
      "frame": { "x": 132, "y": 2, "w": 128, "h": 128 },
      "rotated": false,
      "trimmed": false,
      "spriteSourceSize": { "x": 0, "y": 0, "w": 128, "h": 128 },
      "sourceSize": { "w": 128, "h": 128 },
      "pivot": { "x": 0.5, "y": 0.5 }
    },
    "red": {
      "frame": { "x": 262, "y": 2, "w": 128, "h": 128 },
      "rotated": false,
      "trimmed": false,
      "spriteSourceSize": { "x": 0, "y": 0, "w": 128, "h": 128 },
      "sourceSize": { "w": 128, "h": 128 },
      "pivot": { "x": 0.5, "y": 0.5 }
    },
    "white": {
      "frame": { "x": 392, "y": 2, "w": 128, "h": 128 },
      "rotated": false,
      "trimmed": false,
      "spriteSourceSize": { "x": 0, "y": 0, "w": 128, "h": 128 },
      "sourceSize": { "w": 128, "h": 128 },
      "pivot": { "x": 0.5, "y": 0.5 }
    },
    "yellow": {
      "frame": { "x": 522, "y": 2, "w": 128, "h": 128 },
      "rotated": false,
      "trimmed": false,
      "spriteSourceSize": { "x": 0, "y": 0, "w": 128, "h": 128 },
      "sourceSize": { "w": 128, "h": 128 },
      "pivot": { "x": 0.5, "y": 0.5 }
    }
  },
  "meta": {
    "app": "http://www.codeandweb.com/texturepacker",
    "version": "1.0",
    "image": "flares.png",
    "format": "RGBA8888",
    "size": { "w": 652, "h": 132 },
    "scale": "1",
    "smartupdate": "$TexturePacker:SmartUpdate:f2781d89823d5a67fc31381af364b421:da82646b19b2f0c08684086824b1e581:71625947cf221c10549b852c13ffedc7$"
  }
}
